fid;arquivo;sword_node_id;sword_dist_out_original;pixels;validos;nodata;origem_x;origem_y;distancia_max_m;status;mensagem
1;62265300070161_2527133.txt;62265300070161;2527133.924123631;378;378;0;400156.0078701235;9034473.350164697;2963.2583417582746;OK;
2;62265300060481_2522369.txt;62265300060481;2522369.749463315;305;305;0;399426.0078701235;9038453.350164697;2684.7718711279736;OK;
3;62265300060241_2517598.txt;62265300060241;2517598.9900142513;561;561;0;401506.0078701235;9042063.350164697;4413.456695154037;OK;
4;62265300050431_2512427.txt;62265300050431;2512427.324019786;460;460;0;404016.0078701235;9046613.350164697;3481.221050148927;OK;
5;62265300050361_2511023.txt;62265300050361;2511023.485175318;376;376;0;404576.0078701235;9043223.350164697;3271.238297648155;OK;
6;62265300050341_2510626.txt;62265300050341;2510626.3068067553;314;314;0;405226.0078701235;9043203.350164697;2811.1385593741197;OK;
7;62265300050281_2509438.txt;62265300050281;2509438.929542478;347;347;0;406216.0078701235;9043093.350164697;3198.280788173546;OK;
8;62265300050221_2508267.txt;62265300050221;2508267.193067979;372;372;0;407976.0078701235;9044143.350164697;2746.1245419681895;OK;
9;62265300050131_2506457.txt;62265300050131;2506457.328224635;382;382;0;409676.0078701235;9045213.350164697;2730.6592610576663;OK;
10;62265300050081_2505465.txt;62265300050081;2505465.617032084;396;396;0;410166.0078701235;9045903.350164697;2452.5293066546624;OK;
11;62265300050071_2505263.txt;62265300050071;2505263.6665061335;396;396;0;410306.0078701235;9046093.350164697;2322.4340679554284;OK;
12;62265300050051_2504894.txt;62265300050051;2504894.761426739;331;331;0;410556.0078701235;9045933.350164697;2602.786967848118;OK;
13;62265300050031_2504490.txt;62265300050031;2504490.8598373267;287;287;0;410936.0078701235;9046593.350164697;2185.6349191939626;OK;
14;62265300040441_2503723.txt;62265300040441;2503723.403033284;503;503;0;411526.0078701235;9047093.350164697;3691.950703896248;OK;
15;62265300040381_2502539.txt;62265300040381;2502539.278553714;535;535;0;412516.0078701235;9047713.350164697;3962.4361193588975;OK;
16;62265300040331_2501552.txt;62265300040331;2501552.442171961;499;499;0;413476.0078701235;9048003.350164697;3707.4114959092417;OK;
17;62265300040231_2499566.txt;62265300040231;2499566.02584617;488;488;0;415216.0078701235;9048793.350164697;3674.58841232593;OK;
18;62265300040181_2498579.txt;62265300040181;2498579.382498371;425;425;0;416116.0078701235;9049383.350164697;3180.7074684730123;OK;
19;62265300040131_2497584.txt;62265300040131;2497584.3661365686;485;485;0;417236.0078701235;9049223.350164697;3657.2804103595886;OK;
20;62265300030331_2492645.txt;62265300030331;2492645.630993918;346;346;0;421736.0078701235;9050873.350164697;2729.2673009436066;OK;
21;62265300030281_2491654.txt;62265300030281;2491654.582259662;425;425;0;422536.0078701235;9050743.350164697;3357.156534926544;OK;
22;62265300030221_2490466.txt;62265300030221;2490466.314643158;533;533;0;423286.0078701235;9052073.350164697;2585.8847615468094;OK;
23;62265300030161_2489275.txt;62265300030161;2489275.877447563;584;584;0;424336.0078701235;9053583.350164697;3611.675511448945;OK;
24;62265300030101_2488098.txt;62265300030101;2488098.054094212;706;706;0;425776.0078701235;9052463.350164697;3883.6065712170175;OK;
25;62265300030051_2487081.txt;62265300030051;2487081.8370859;711;711;0;426676.0078701235;9050193.350164697;6486.046561658342;OK;
26;62265300020911_2485286.txt;62265300020911;2485286.871621033;719;719;0;428736.0078701235;9055503.350164697;5853.520308327289;OK;
27;62265300020851_2484094.txt;62265300020851;2484094.177850419;652;652;0;429496.0078701235;9054533.350164697;5436.368273029339;OK;
28;62265300020821_2483506.txt;62265300020821;2483506.7434859406;1332;1332;0;430856.0078701235;9055003.350164697;8134.89397595322;OK;
29;62265300020771_2482482.txt;62265300020771;2482482.247187016;1594;1594;0;432286.0078701235;9053703.350164697;7650.653566852965;OK;
30;62265300020721_2481477.txt;62265300020721;2481477.2858330584;1342;1342;0;432876.0078701235;9053553.350164697;5222.738745141289;OK;
31;62265300020511_2477274.txt;62265300020511;2477274.9979491164;1736;1736;0;435186.0078701235;9049783.350164697;10617.122962460217;OK;
32;62265300020471_2476470.txt;62265300020471;2476470.7021762794;1965;1965;0;436306.0078701235;9050613.350164697;10617.287789261436;OK;
33;62265300020421_2475460.txt;62265300020421;2475460.754907175;2005;2005;0;436866.0078701235;9050703.350164697;10990.45494963698;OK;
34;62265300020331_2473661.txt;62265300020331;2473661.9329068577;2042;2042;0;438006.0078701235;9047103.350164697;14660.320596767317;OK;
35;62265300020251_2472060.txt;62265300020251;2472060.3019427974;2187;2187;0;439996.0078701235;9047743.350164697;15476.359391019581;OK;
36;62265300020171_2470468.txt;62265300020171;2470468.218241262;2190;2190;0;441296.0078701235;9048973.350164697;15499.912902981101;OK;
37;62265300010891_2465850.txt;62265300010891;2465850.125438301;1822;1822;0;441106.0078701235;9053873.350164697;11792.357694710587;OK;
38;62265300010801_2464057.txt;62265300010801;2464057.539290335;1652;1652;0;440346.0078701235;9055493.350164697;10294.683093713958;OK;
39;62265300010731_2462626.txt;62265300010731;2462626.6039927667;1435;1435;0;439606.0078701235;9056383.350164697;9277.413432633042;OK;
40;62265300010671_2461447.txt;62265300010671;2461447.013846172;1433;1433;0;439616.0078701235;9056503.350164697;9234.8578765458;OK;
41;62265300010631_2460639.txt;62265300010631;2460639.1688879817;1398;1398;0;439906.0078701235;9057033.350164697;9235.799911215054;OK;
42;62265300010611_2460253.txt;62265300010611;2460253.018033939;1324;1324;0;439936.0078701235;9057313.350164697;9149.781418154207;OK;
43;62265300010591_2459837.txt;62265300010591;2459837.9798576264;1108;1108;0;439916.0078701235;9057783.350164697;8404.2429760211;OK;
44;62265300010561_2459250.txt;62265300010561;2459250.8263228685;1074;1074;0;439966.0078701235;9058143.350164697;8456.003784294327;OK;
45;62265300010531_2458649.txt;62265300010531;2458649.318626349;832;832;0;440146.0078701235;9058523.350164697;6518.2896529687905;OK;
46;62265300010481_2457640.txt;62265300010481;2457640.981401631;887;887;0;440446.0078701235;9059213.350164697;6773.079063468845;OK;
47;62265300010461_2457251.txt;62265300010461;2457251.8103160206;889;889;0;440536.0078701235;9059683.350164697;6442.670253862136;OK;
48;62265300010441_2456838.txt;62265300010441;2456838.208246542;718;718;0;440406.0078701235;9060353.350164697;5181.167822026227;OK;
49;62265300010421_2456417.txt;62265300010421;2456417.803542312;615;615;0;440556.0078701235;9060653.350164697;4322.6149493101975;OK;
50;62265300010391_2455828.txt;62265300010391;2455828.1418259386;453;453;0;440376.0078701235;9061083.350164697;3197.2488173428105;OK;
51;62265300010331_2454573.txt;62265300010331;2454573.6827802835;411;411;0;440586.0078701235;9061263.350164697;2928.3613165045053;OK;
52;62265300010281_2453614.txt;62265300010281;2453614.9202471473;310;310;0;440996.0078701235;9061953.350164697;2257.432169523594;OK;
53;62265300010251_2453025.txt;62265300010251;2453025.088053229;407;407;0;441506.0078701235;9062163.350164697;2976.071235706565;OK;
54;62265300010181_2451638.txt;62265300010181;2451638.97916506;457;457;0;442906.0078701235;9063023.350164697;3248.0301722736504;OK;
55;62265300010101_2449999.txt;62265300010101;2449999.0326219858;457;457;0;444056.0078701235;9064043.350164697;3242.4836159956153;OK;
56;62265100060871_2447611.txt;62265100060871;2447611.3243189845;269;269;0;445676.0078701235;9066013.350164697;1903.943276465977;OK;
57;62265100060611_2442424.txt;62265100060611;2442424.5502393073;253;253;0;449786.0078701235;9068903.350164697;1796.2182495454165;OK;
58;62265100060361_2437464.txt;62265100060361;2437464.5438652458;330;330;0;453916.0078701235;9072083.350164697;2326.585480914037;OK;
59;62265100060111_2432492.txt;62265100060111;2432492.3227210427;282;282;0;455766.0078701235;9077043.350164697;2182.8879952943075;OK;
60;62265100050971_2429697.txt;62265100050971;2429697.18782973;372;372;0;457206.0078701235;9079633.350164697;2879.2360097775936;OK;
61;62265100050911_2428499.txt;62265100050911;2428499.3151213056;376;376;0;457506.0078701235;9080693.350164697;2858.548582760139;OK;
62;62265100050871_2427683.txt;62265100050871;2427683.9683372146;377;377;0;458006.0078701235;9081473.350164697;2900.6206232459976;OK;
63;62265100050811_2426506.txt;62265100050811;2426506.890205136;359;359;0;458566.0078701235;9082423.350164697;2698.0363229578657;OK;
64;62265100050761_2425504.txt;62265100050761;2425504.8172570015;345;345;0;459106.0078701235;9083153.350164697;2615.6452358834904;OK;
65;62265100050701_2424306.txt;62265100050701;2424306.611339229;369;369;0;459916.0078701235;9084163.350164697;2784.097699435133;OK;
66;62265100050661_2423498.txt;62265100050661;2423498.8563341657;470;470;0;460706.0078701235;9084653.350164697;3462.9611606253975;OK;
67;62265100050611_2422509.txt;62265100050611;2422509.237285922;374;374;0;460846.0078701235;9085583.350164697;2795.4427198567314;OK;
68;62265100050571_2421721.txt;62265100050571;2421721.5934020476;398;398;0;461366.0078701235;9086453.350164697;3067.8494096027594;OK;
69;62265100050511_2420520.txt;62265100050511;2420520.8005676414;345;345;0;461356.0078701235;9087733.350164697;2648.018126826174;OK;
70;62265100050441_2419134.txt;62265100050441;2419134.4904159065;263;263;0;461066.0078701235;9089333.350164697;2216.167863678201;OK;
71;62265100050411_2418535.txt;62265100050411;2418535.8055763994;238;238;0;461206.0078701235;9089873.350164697;2058.275977608445;OK;
72;62265100050371_2417741.txt;62265100050371;2417741.244191055;261;261;0;461536.0078701235;9090643.350164697;2302.3466289853054;OK;
73;62265100050121_2412761.txt;62265100050121;2412761.6146273497;331;331;0;462966.0078701235;9094433.350164697;2354.1028014935964;OK;
74;62265100040561_2409167.txt;62265100040561;2409167.0847215834;200;200;0;465626.0078701235;9097363.350164697;1741.0628937519748;OK;
75;62265100040511_2408178.txt;62265100040511;2408178.994388091;449;449;0;466976.0078701235;9097213.350164697;3424.616766880639;OK;
76;62265100040461_2407172.txt;62265100040461;2407172.091426174;418;418;0;467606.0078701235;9096303.350164697;3051.311193569086;OK;
77;62265100040411_2406173.txt;62265100040411;2406173.81699182;381;381;0;468476.0078701235;9095253.350164697;2693.287953413077;OK;
78;62265100040361_2405153.txt;62265100040361;2405153.3531608246;299;299;0;468926.0078701235;9094333.350164697;2185.497654997598;OK;
79;62265100040311_2404172.txt;62265100040311;2404172.5117260907;368;368;0;469536.0078701235;9093823.350164697;2605.5517649818435;OK;
80;62265100040261_2403128.txt;62265100040261;2403128.56021981;347;347;0;470266.0078701235;9093133.350164697;2466.2927644543743;OK;
81;62265100040201_2401947.txt;62265100040201;2401947.157431773;385;385;0;470866.0078701235;9092983.350164697;2748.235797743709;OK;
82;62265100040161_2401139.txt;62265100040161;2401139.282420482;352;352;0;471606.0078701235;9092683.350164697;2529.4465797877606;OK;
83;62265100040121_2400344.txt;62265100040121;2400344.785821198;417;417;0;472296.0078701235;9092563.350164697;3131.7726609701413;OK;
84;62265100040081_2399553.txt;62265100040081;2399553.1611316293;438;438;0;473026.0078701235;9092303.350164697;3308.0054413498174;OK;
85;62265100040031_2398562.txt;62265100040031;2398562.337972499;343;343;0;473806.0078701235;9092123.350164697;3154.5839662307294;OK;
86;62265100030991_2397740.txt;62265100030991;2397740.1336539667;310;310;0;474696.0078701235;9089353.350164697;2562.36219141635;OK;
87;62265100030941_2396767.txt;62265100030941;2396767.870014644;256;256;0;475636.0078701235;9089613.350164697;2236.0008944542037;OK;
88;62265100030911_2396162.txt;62265100030911;2396162.2851761873;236;236;0;476416.0078701235;9090043.350164697;1758.6642658563344;OK;
89;62265100030851_2394949.txt;62265100030851;2394949.3318049535;170;170;0;477346.0078701235;9090313.350164697;1303.8404810405298;OK;
90;62265100030801_2393937.txt;62265100030801;2393937.7619084935;234;234;0;478456.0078701235;9090303.350164697;1806.1284561182242;OK;
91;62265100030551_2388959.txt;62265100030551;2388959.6152366223;200;200;0;483086.0078701235;9092073.350164697;1495.6269588369955;OK;
92;62265100030301_2383941.txt;62265100030301;2383941.7631299323;177;177;0;487716.0078701235;9093893.350164697;1375.6816492197604;OK;
93;62265100030041_2378765.txt;62265100030041;2378765.834791993;234;234;0;492596.0078701235;9094823.350164697;2045.3361581901397;OK;
94;62265100020891_2376152.txt;62265100020891;2376152.5572579703;337;337;0;495646.0078701235;9095283.350164697;2470.080970332754;OK;
95;62265100020601_2370325.txt;62265100020601;2370325.5956582534;741;741;0;501346.0078701235;9097543.350164697;5227.628525440575;OK;
96;62265100020411_2366483.txt;62265100020411;2366483.224548725;658;658;0;504866.0078701235;9101003.350164697;4726.097756077417;OK;
97;62265100020231_2362877.txt;62265100020231;2362877.2847237103;257;257;0;505766.0078701235;9104653.350164697;1981.5650380444242;OK;
98;62265100020081_2359885.txt;62265100020081;2359885.462370726;233;233;0;507026.0078701235;9107073.350164697;1685.8528998699737;OK;
99;62265100010131_2355656.txt;62265100010131;2355656.5908057336;344;344;0;510046.0078701235;9108803.350164697;2465.6439321199646;OK;
100;62265100010081_2354745.txt;62265100010081;2354745.2123507946;325;325;0;510786.0078701235;9109233.350164697;2369.071548096427;OK;
101;62263900250771_2353109.txt;62263900250771;2353109.153964978;495;495;0;513046.0078701235;9109063.350164697;3641.771546926029;OK;
102;62263900250621_2350099.txt;62263900250621;2350099.691264148;242;242;0;514436.0078701235;9113623.350164697;2106.015194627047;OK;
103;62263900250371_2345086.txt;62263900250371;2345086.873902905;176;176;0;515026.0078701235;9118593.350164697;1671.9150696132863;OK;
104;62263900250121_2340042.txt;62263900250121;2340042.7867120067;247;247;0;515246.0078701235;9123993.350164697;1941.6487838947598;OK;
105;62263900240391_2335029.txt;62263900240391;2335029.970215;286;286;0;513416.0078701235;9128773.350164697;2119.8348992315414;OK;
106;62263900240141_2330082.txt;62263900240141;2330082.6158488304;269;269;0;511016.0078701235;9133213.350164697;1985.9506539690256;OK;
107;62263900230391_2324869.txt;62263900230391;2324869.725755767;511;511;0;510846.0078701235;9138153.350164697;4016.2171256046404;OK;
108;62263900230151_2320001.txt;62263900230151;2320001.2631395007;279;279;0;507766.0078701235;9142533.350164697;2152.4404753674376;OK;
109;62263900220411_2314809.txt;62263900220411;2314809.8990959013;683;683;0;507856.0078701235;9145953.350164697;5146.066458956782;OK;
110;62263900220211_2310835.txt;62263900220211;2310835.3554749847;564;564;0;509306.0078701235;9150293.350164697;5350.0;OK;
111;62263900220101_2308635.txt;62263900220101;2308635.5656397603;518;518;0;510126.0078701235;9151853.350164697;4116.661268552466;OK;
112;62263900220061_2307847.txt;62263900220061;2307847.527550641;543;543;0;510416.0078701235;9152913.350164697;4551.856764003015;OK;
113;62263900220021_2307057.txt;62263900220021;2307057.11202662;839;839;0;511796.0078701235;9154583.350164697;5968.249324550709;OK;
114;62263900210401_2304293.txt;62263900210401;2304293.8612855165;883;883;0;512486.0078701235;9156113.350164697;6822.462898396737;OK;
115;62263900210361_2303495.txt;62263900210361;2303495.438771693;852;852;0;512136.0078701235;9157123.350164697;6768.825599762487;OK;
116;62263900210261_2301499.txt;62263900210261;2301499.9188443935;747;747;0;511816.0078701235;9159453.350164697;6570.509873670384;OK;
117;62263900210141_2299117.txt;62263900210141;2299117.816781183;339;339;0;506606.0078701235;9161463.350164697;2408.401959806544;OK;
118;62263900210061_2297530.txt;62263900210061;2297530.0394340097;234;234;0;505836.0078701235;9162043.350164697;1739.6838793298052;OK;
119;62263900200371_2293507.txt;62263900200371;2293507.1561940988;333;333;0;504046.0078701235;9165883.350164697;2380.7561823924766;OK;
120;62263900200171_2289457.txt;62263900200171;2289457.3206914472;283;283;0;500466.0078701235;9168123.350164697;2001.24960961895;OK;
121;62263900190451_2284667.txt;62263900190451;2284667.0713605057;450;450;0;499296.0078701235;9171883.350164697;4130.0484258662145;OK;
122;62263900190201_2279689.txt;62263900190201;2279689.522966418;513;513;0;501556.0078701235;9176033.350164697;4409.53512288994;OK;
123;62263900180471_2274749.txt;62263900180471;2274749.0937434426;469;469;0;502556.0078701235;9180433.350164697;3638.818489564985;OK;
124;62263900180161_2268592.txt;62263900180161;2268592.3940741913;385;385;0;504096.0078701235;9185433.350164697;2844.7847018711277;OK;
125;62263900180021_2265809.txt;62263900180021;2265809.281232035;569;569;0;505966.0078701235;9187823.350164697;4313.432507875833;OK;
126;62263900170401_2263202.txt;62263900170401;2263202.1455059224;667;667;0;507386.0078701235;9190883.350164697;5212.542565773444;OK;
127;62263900170261_2260355.txt;62263900170261;2260355.214104409;449;449;0;507676.0078701235;9193903.350164697;3446.5054765660825;OK;
128;62263900170101_2257115.txt;62263900170101;2257115.1802775282;228;228;0;508406.0078701235;9196723.350164697;1756.843760839307;OK;
129;62263900160381_2252485.txt;62263900160381;2252485.9730208833;242;242;0;510336.0078701235;9200943.350164697;1836.98121928342;OK;
130;62263900160131_2247476.txt;62263900160131;2247476.461441085;293;293;0;511486.0078701235;9205663.350164697;2275.1703232945;OK;
131;62263900150371_2242048.txt;62263900150371;2242048.7976529375;292;292;0;513846.0078701235;9210453.350164697;2197.2937900972643;OK;
132;62263900150211_2238814.txt;62263900150211;2238814.821942096;340;340;0;515416.0078701235;9213153.350164697;2545.2111896658007;OK;
133;62263900150151_2237599.txt;62263900150151;2237599.1513009556;315;315;0;515746.0078701235;9214233.350164697;2463.5137507227355;OK;
134;62263900150111_2236801.txt;62263900150111;2236801.3608485963;349;349;0;516256.0078701235;9215083.350164697;2732.471408816568;OK;
135;62263900150071_2236007.txt;62263900150071;2236007.0055811037;325;325;0;516486.0078701235;9215873.350164697;2722.498852157701;OK;
136;62263900150031_2235207.txt;62263900150031;2235207.9384251735;343;343;0;516776.0078701235;9216743.350164697;2987.206052484495;OK;
137;62263900140991_2234389.txt;62263900140991;2234389.8900737176;339;339;0;516876.0078701235;9217863.350164697;3212.6313202731494;OK;
138;62263900140961_2233786.txt;62263900140961;2233786.6799689964;338;338;0;516836.0078701235;9218703.350164697;3220.7607796916554;OK;
139;62263900140921_2232995.txt;62263900140921;2232995.6717510726;356;356;0;516676.0078701235;9219603.350164697;3220.51238159396;OK;
140;62263900140891_2232407.txt;62263900140891;2232407.2823596317;376;376;0;516706.0078701235;9220173.350164697;3336.360292294584;OK;
141;62263900140841_2231400.txt;62263900140841;2231400.3125998867;405;405;0;516856.0078701235;9220863.350164697;3459.710970586994;OK;
142;62263900140791_2230403.txt;62263900140791;2230403.7363663944;349;349;0;516886.0078701235;9221883.350164697;2993.7601774357277;OK;
143;62263900140741_2229395.txt;62263900140741;2229395.137354322;296;296;0;516956.0078701235;9222743.350164697;2397.0189819857496;OK;
144;62263900140671_2228002.txt;62263900140671;2228002.70000383;219;219;0;517036.0078701235;9223573.350164697;1586.4740779476986;OK;
145;62263900140411_2222795.txt;62263900140411;2222795.747752557;220;220;0;520716.0078701235;9226953.350164697;2101.927686672403;OK;
146;62263900140171_2217987.txt;62263900140171;2217987.3921719035;293;293;0;525846.0078701235;9225053.350164697;2123.252222417299;OK;
147;62263900140101_2216595.txt;62263900140101;2216595.2536893287;374;374;0;526696.0078701235;9224173.350164697;1802.4705268048074;OK;
148;62263900140051_2215594.txt;62263900140051;2215594.7624330954;469;469;0;527486.0078701235;9224073.350164697;2112.5576915199263;OK;
149;62263900140011_2214811.txt;62263900140011;2214811.485995513;544;544;0;528256.0078701235;9224783.350164697;3296.846978553903;OK;
150;62263900130921_2213605.txt;62263900130921;2213605.0746027716;689;689;0;529436.0078701235;9223673.350164697;3178.238505839359;OK;
151;62263900130891_2212990.txt;62263900130891;2212990.0641694455;839;839;0;531676.0078701235;9220733.350164697;6299.182486640628;OK;
152;62263900130851_2212161.txt;62263900130851;2212161.252164833;671;671;0;532526.0078701235;9222853.350164697;4761.774879181081;OK;
153;62263900130821_2211587.txt;62263900130821;2211587.097814804;636;636;0;533046.0078701235;9223683.350164697;4491.380634058975;OK;
154;62263900130781_2210778.txt;62263900130781;2210778.332524029;536;536;0;533436.0078701235;9224643.350164697;3780.423256726686;OK;
155;62263900130751_2210181.txt;62263900130751;2210181.7818222777;483;483;0;533666.0078701235;9225193.350164697;3412.4771061503106;OK;
156;62263900130671_2208567.txt;62263900130671;2208567.5438633296;404;404;0;534356.0078701235;9226433.350164697;2918.3043021590465;OK;
157;62263900130571_2206552.txt;62263900130571;2206552.43749627;316;316;0;535366.0078701235;9228123.350164697;2283.2652057962955;OK;
158;62263900130311_2201353.txt;62263900130311;2201353.852559511;249;249;0;538176.0078701235;9232323.350164697;1809.6684779262748;OK;
159;62263900130071_2196532.txt;62263900130071;2196532.8931483286;207;207;0;539436.0078701235;9237583.350164697;1897.6301009416982;OK;
160;62263900120781_2191310.txt;62263900120781;2191310.8067770475;213;213;0;538736.0078701235;9242423.350164697;1683.4488409215173;OK;
161;62263900120551_2186695.txt;62263900120551;2186695.87558938;284;284;0;541046.0078701235;9246143.350164697;2089.4257584322063;OK;
162;62263900120291_2181495.txt;62263900120291;2181495.631624251;282;282;0;544696.0078701235;9248193.350164697;2144.78437144623;OK;
163;62263900120041_2176455.txt;62263900120041;2176455.488910067;391;391;0;549046.0078701235;9250693.350164697;2872.368360778262;OK;
164;62263900110341_2171508.txt;62263900110341;2171508.507510417;213;213;0;553096.0078701235;9253013.350164697;1708.3617883809038;OK;
165;62263900110041_2165553.txt;62263900110041;2165553.6827824973;268;268;0;559036.0078701235;9252263.350164697;1890.952141118331;OK;
166;62263900100451_2162975.txt;62263900100451;2162975.1455687364;332;332;0;560926.0078701235;9250763.350164697;1558.621185535472;OK;
167;62263900100391_2161769.txt;62263900100391;2161769.530573443;429;429;0;562186.0078701235;9250683.350164697;2051.974658712919;OK;
168;62263900100281_2159550.txt;62263900100281;2159550.785291916;637;637;0;564266.0078701235;9251503.350164697;4169.652263678591;OK;
169;62263900100221_2158329.txt;62263900100221;2158329.226533878;678;678;0;565326.0078701235;9247243.350164697;5869.659274608706;OK;
170;62263900100161_2157108.txt;62263900100161;2157108.894490265;417;417;0;567366.0078701235;9250203.350164697;3090.404504268009;OK;
171;62263900100101_2155911.txt;62263900100101;2155911.056410539;382;382;0;567736.0078701235;9250813.350164697;2785.8212433679228;OK;
172;62263900090811_2150109.txt;62263900090811;2150109.883233535;265;265;0;571656.0078701235;9255673.350164697;1950.1025614054251;OK;
173;62263900090561_2145106.txt;62263900090561;2145106.099435122;263;263;0;573836.0078701235;9260333.350164697;2206.3771209836273;OK;
174;62263900090321_2140316.txt;62263900090321;2140316.7979654814;277;277;0;574876.0078701235;9265143.350164697;2433.474881727773;OK;
175;62263900090271_2139323.txt;62263900090271;2139323.496344536;325;325;0;575316.0078701235;9266263.350164697;3021.05941682715;OK;
176;62263900090221_2138341.txt;62263900090221;2138341.448467455;362;362;0;575596.0078701235;9267163.350164697;3425.2737116907897;OK;
177;62263900090171_2137341.txt;62263900090171;2137341.500397945;435;435;0;575596.0078701235;9268913.350164697;3690.9077474247442;OK;
178;62263900090121_2136352.txt;62263900090121;2136352.4508636296;424;424;0;575176.0078701235;9270103.350164697;3408.005281686048;OK;
179;62263900090071_2135347.txt;62263900090071;2135347.261539309;374;374;0;574696.0078701235;9270823.350164697;3065.6973105641073;OK;
180;62263900090021_2134354.txt;62263900090021;2134354.2476610527;310;310;0;573756.0078701235;9271723.350164697;2346.5080438813757;OK;
181;62263900080561_2133331.txt;62263900080561;2133331.0129555943;341;341;0;573236.0078701235;9272663.350164697;2498.1593223811806;OK;
182;62263900080521_2132530.txt;62263900080521;2132530.305000396;366;366;0;572276.0078701235;9273433.350164697;2597.17153842406;OK;
183;62263900080301_2128160.txt;62263900080301;2128160.9566060514;607;607;0;571236.0078701235;9275873.350164697;4427.471061452576;OK;
184;62263900080061_2123388.txt;62263900080061;2123388.471136765;304;304;0;574606.0078701235;9277623.350164697;2205.5384830013736;OK;
185;62263900070501_2120455.txt;62263900070501;2120455.55332689;341;341;0;577176.0078701235;9279663.350164697;2407.093683262037;OK;
186;62263900070441_2119271.txt;62263900070441;2119271.6560607394;354;354;0;577896.0078701235;9280633.350164697;2564.156781478075;OK;
187;62263900070351_2117486.txt;62263900070351;2117486.3737290977;443;443;0;578966.0078701235;9281973.350164697;3210.763149159402;OK;
188;62263900070251_2115469.txt;62263900070251;2115469.321324333;382;382;0;580196.0078701235;9285053.350164697;3459.8410368107952;OK;
189;62263900070151_2113481.txt;62263900070151;2113481.6749386596;285;285;0;580226.0078701235;9286813.350164697;2277.71815640127;OK;
190;62263900070021_2110915.txt;62263900070021;2110915.4771209056;253;253;0;581146.0078701235;9288633.350164697;1952.255106280939;OK;
191;62263900060321_2106349.txt;62263900060321;2106349.915839651;310;310;0;583246.0078701235;9293033.350164697;2450.8161905781512;OK;
192;62263900060161_2103169.txt;62263900060161;2103169.2241193866;396;396;0;584396.0078701235;9295303.350164697;2881.423259432741;OK;
193;62263900050491_2099189.txt;62263900050491;2099189.1503811395;201;201;0;584806.0078701235;9299973.350164697;1694.4615663980107;OK;
194;62263900050291_2095218.txt;62263900050291;2095218.0829454344;280;280;0;584936.0078701235;9304333.350164697;2313.8928237928394;OK;
195;62263900050041_2090233.txt;62263900050041;2090233.2704737722;193;193;0;584226.0078701235;9308903.350164697;1810.0276240985936;OK;
196;62263900040711_2085464.txt;62263900040711;2085464.4601512968;187;187;0;586576.0078701235;9312053.350164697;1337.0115930686616;OK;
197;62263900040561_2082473.txt;62263900040561;2082473.9381515016;200;200;0;589066.0078701235;9313493.350164697;1471.3599151805108;OK;
198;62263900040511_2081466.txt;62263900040511;2081466.8580859182;202;202;0;589976.0078701235;9313943.350164697;1493.7201879870272;OK;
199;62263900040461_2080481.txt;62263900040461;2080481.184204808;200;200;0;590916.0078701235;9314343.350164697;1480.3040228277432;OK;
200;62263900040401_2079248.txt;62263900040401;2079248.4089401786;199;199;0;591896.0078701235;9314613.350164697;1582.4032355881986;OK;
201;62263900040361_2078454.txt;62263900040361;2078454.134245719;204;204;0;592646.0078701235;9314833.350164697;1649.2422502470642;OK;
202;62263900040311_2077467.txt;62263900040311;2077467.9651946547;195;195;0;593476.0078701235;9315043.350164697;1744.8495637160242;OK;
203;62263900040261_2076466.txt;62263900040261;2076466.3848531607;169;169;0;594456.0078701235;9315423.350164697;1340.3357788255896;OK;
204;62263900040211_2075440.txt;62263900040211;2075440.146766388;194;194;0;595476.0078701235;9316813.350164697;1813.9735389470266;OK;
205;62263900040161_2074442.txt;62263900040161;2074442.1934515743;178;178;0;596656.0078701235;9316273.350164697;1338.2451195502265;OK;
206;62263900030371_2069458.txt;62263900030371;2069458.5832281292;203;203;0;600926.0078701235;9313273.350164697;1431.7821063276353;OK;
207;62263900030121_2064464.txt;62263900030121;2064464.9960052646;510;510;0;605566.0078701235;9312043.350164697;3651.3696060519537;OK;
208;62263900030061_2063265.txt;62263900030061;2063265.6022206284;552;552;0;606356.0078701235;9311213.350164697;4008.0543908485074;OK;
209;62263900020451_2061944.txt;62263900020451;2061944.0546811393;802;802;0;607366.0078701235;9311663.350164697;6464.804714761305;OK;
210;62263900020281_2058569.txt;62263900020281;2058569.2507635509;490;490;0;610276.0078701235;9310513.350164697;2553.27241006517;OK;
211;62263900020041_2053820.txt;62263900020041;2053820.3081308117;735;735;0;614816.0078701235;9307743.350164697;6520.927848090331;OK;
212;62263900010391_2051650.txt;62263900010391;2051650.7173293622;961;961;0;616866.0078701235;9308173.350164697;6654.697588921678;OK;
213;62263900010301_2049865.txt;62263900010301;2049865.4547395376;1157;1157;0;618846.0078701235;9310403.350164697;5252.237618387043;OK;
214;62263900010251_2048863.txt;62263900010251;2048863.346495532;1156;1156;0;619796.0078701235;9310293.350164697;6065.978898743384;OK;
215;62263900010191_2047678.txt;62263900010191;2047678.2301807792;1245;1245;0;620796.0078701235;9310273.350164697;6604.642306741524;OK;
216;62263900010151_2046889.txt;62263900010151;2046889.1453351988;1433;1433;0;622606.0078701235;9313773.350164697;8329.855941131274;OK;
217;62263900010111_2046103.txt;62263900010111;2046103.0335575538;1599;1599;0;623556.0078701235;9314563.350164697;9071.890651898313;OK;
218;62263900010061_2045112.txt;62263900010061;2045112.821282821;1530;1530;0;624146.0078701235;9305943.350164697;12634.290640950128;OK;
219;62263700020531_2043936.txt;62263700020531;2043936.6229418414;1637;1637;0;625406.0078701235;9305743.350164697;13199.64393459157;OK;
220;62263700020471_2042707.txt;62263700020471;2042707.4432593416;1582;1582;0;626096.0078701235;9306973.350164697;12181.165789857718;OK;
221;62263700020421_2041715.txt;62263700020421;2041715.7024598105;1493;1493;0;626826.0078701235;9307763.350164697;11628.662863803387;OK;
222;62263700020381_2040916.txt;62263700020381;2040916.819554263;1512;1512;0;627896.0078701235;9308553.350164697;11297.0836944762;OK;
223;62263700020261_2038499.txt;62263700020261;2038499.73112085;1492;1492;0;629806.0078701235;9310653.350164697;10581.138880101707;OK;
224;62263700020181_2036917.txt;62263700020181;2036917.8907481693;1306;1306;0;629716.0078701235;9312403.350164697;9228.93818377824;OK;
225;62263700010511_2032959.txt;62263700010511;2032959.2665042316;703;703;0;630086.0078701235;9316493.350164697;5140.6030774608535;OK;
226;62263700010281_2028367.txt;62263700010281;2028367.61686103;349;349;0;630856.0078701235;9320313.350164697;2840.1584462842916;OK;
227;62263700010221_2027168.txt;62263700010221;2027168.8078828133;602;602;0;631486.0078701235;9320583.350164697;4197.618372363071;OK;
228;62263700010191_2026571.txt;62263700010191;2026571.661937385;700;700;0;631886.0078701235;9320613.350164697;4974.143142290942;OK;
229;62263700010161_2025951.txt;62263700010161;2025951.1126616597;725;725;0;632186.0078701235;9320703.350164697;5139.416309270928;OK;
230;62263700010121_2025176.txt;62263700010121;2025176.822323989;744;744;0;632656.0078701235;9320713.350164697;5404.377855035675;OK;
231;62263700010091_2024557.txt;62263700010091;2024557.957232493;796;796;0;633456.0078701235;9320583.350164697;6010.931708146417;OK;
232;62263700010051_2023769.txt;62263700010051;2023769.4944838155;760;760;0;633976.0078701235;9320523.350164697;5930.303533546997;OK;
233;62263500050891_2022562.txt;62263500050891;2022562.7410282178;858;858;0;635296.0078701235;9320163.350164697;6651.450969525371;OK;
234;62263500050731_2019363.txt;62263500050731;2019363.6780988516;478;478;0;637376.0078701235;9325443.350164697;3395.2466773417214;OK;
235;62263500050651_2017751.txt;62263500050651;2017751.5245149555;389;389;0;637536.0078701235;9326693.350164697;2746.434051638597;OK;
236;62263500050401_2012730.txt;62263500050401;2012730.9905821166;388;388;0;642116.0078701235;9329403.350164697;2729.761894378336;OK;
237;62263500050141_2007507.txt;62263500050141;2007507.0618236244;295;295;0;645616.0078701235;9332593.350164697;2071.931466048045;OK;
238;62263500040761_2002482.txt;62263500040761;2002482.6595473527;346;346;0;648626.0078701235;9336873.350164697;2614.517163837331;OK;
239;62263500040521_1997674.txt;62263500040521;1997674.3543701642;253;253;0;646376.0078701235;9342573.350164697;1828.4966502567074;OK;
240;62263500040301_1993253.txt;62263500040301;1993253.8655262636;663;663;0;646256.0078701235;9345843.350164697;5454.631059934301;OK;
241;62263500040181_1990796.txt;62263500040181;1990796.5295634635;730;730;0;647436.0078701235;9347203.350164697;5288.336222291468;OK;
242;62263500040081_1988808.txt;62263500040081;1988808.6001678596;665;665;0;648176.0078701235;9347583.350164697;4928.691509924312;OK;
243;62263500030531_1987017.txt;62263500030531;1987017.0650505943;716;716;0;649246.0078701235;9347983.350164697;5751.286812531609;OK;
244;62263500030291_1982242.txt;62263500030291;1982242.0914438616;927;927;0;653596.0078701235;9349563.350164697;5528.806381127847;OK;
245;62263500030061_1977640.txt;62263500030061;1977640.5499192968;1126;1126;0;659516.0078701235;9347023.350164697;8603.871221723393;OK;
246;62263500020881_1976263.txt;62263500020881;1976263.0461072912;905;905;0;661076.0078701235;9349973.350164697;6334.303434474859;OK;
247;62263500020771_1974063.txt;62263500020771;1974063.7593002322;239;239;0;659896.0078701235;9353373.350164697;1950.2820308868152;OK;
248;62263500020521_1969033.txt;62263500020521;1969033.8023774226;345;345;0;664846.0078701235;9354363.350164697;2521.626459252044;OK;
249;62263500020471_1968040.txt;62263500020471;1968040.3910209031;398;398;0;665906.0078701235;9353743.350164697;2816.895454219059;OK;
250;62263500020421_1967028.txt;62263500020421;1967028.2532871643;365;365;0;666446.0078701235;9353253.350164697;2615.8363863208265;OK;
251;62263500020371_1966009.txt;62263500020371;1966009.8269339257;378;378;0;667166.0078701235;9352653.350164697;2756.1748855977917;OK;
252;62263500020301_1964635.txt;62263500020301;1964635.049184655;318;318;0;667816.0078701235;9352073.350164697;2616.9638897011932;OK;
253;62263500020251_1963598.txt;62263500020251;1963598.6106867346;278;278;0;668616.0078701235;9351263.350164697;1989.0952717253138;OK;
254;62263500020201_1962591.txt;62263500020201;1962591.49840081;291;291;0;669756.0078701235;9349993.350164697;2258.9378034819815;OK;
255;62263500020171_1961994.txt;62263500020171;1961994.5775633664;354;354;0;670666.0078701235;9350733.350164697;2518.1342299408902;OK;
256;62263500020121_1961019.txt;62263500020121;1961019.1714799518;349;349;0;671526.0078701235;9351613.350164697;2492.388412747901;OK;
257;62263500010771_1956190.txt;62263500010771;1956190.8108076793;510;510;0;674336.0078701235;9355333.350164697;3602.8460971848353;OK;
258;62263500010461_1949971.txt;62263500010461;1949971.0647149591;176;176;0;678076.0078701235;9359893.350164697;1528.953890737062;OK;
259;62263500010231_1945374.txt;62263500010231;1945374.9625967613;256;256;0;682266.0078701235;9356803.350164697;1833.4939323597446;OK;
260;62263500010181_1944346.txt;62263500010181;1944346.2393736106;321;321;0;682776.0078701235;9356493.350164697;2264.332131115045;OK;
261;62263500010121_1943164.txt;62263500010121;1943164.9890806882;397;397;0;683266.0078701235;9356333.350164697;2989.314302645341;OK;
262;62263500010071_1942148.txt;62263500010071;1942148.0732465682;500;500;0;683996.0078701235;9355003.350164697;2495.5159787106154;OK;
263;62263500010011_1940951.txt;62263500010011;1940951.6219328446;603;603;0;685106.0078701235;9354643.350164697;2552.6456863419176;OK;
264;62263300060661_1940380.txt;62263300060661;1940380.4907778038;620;620;0;686216.0078701235;9352123.350164697;5050.188115308181;OK;
265;62263300060611_1939409.txt;62263300060611;1939409.1592103767;553;553;0;687446.0078701235;9353913.350164697;3940.0507610943287;OK;
266;62263300060571_1938583.txt;62263300060571;1938583.9139208954;439;439;0;687866.0078701235;9355323.350164697;3164.7116772306445;OK;
267;62263300060531_1937819.txt;62263300060531;1937819.387434964;391;391;0;688306.0078701235;9356063.350164697;2991.6216338300537;OK;
268;62263300060481_1936795.txt;62263300060481;1936795.7709312155;233;233;0;688236.0078701235;9356993.350164697;1853.4832073693033;OK;
269;62263300060421_1935591.txt;62263300060421;1935591.8844663752;189;189;0;688436.0078701235;9358083.350164697;1499.1330828182;OK;
270;62263300060371_1934601.txt;62263300060371;1934601.4078051706;173;173;0;688826.0078701235;9359063.350164697;1359.779393872403;OK;
271;62263300060121_1929621.txt;62263300060121;1929621.3327534322;164;164;0;690866.0078701235;9363693.350164697;1478.681845428556;OK;
272;62263300050391_1924613.txt;62263300050391;1924613.05337899;290;290;0;692366.0078701235;9368773.350164697;2740.018248114417;OK;
273;62263300050131_1919382.txt;62263300050131;1919382.6796773528;348;348;0;692836.0078701235;9373003.350164697;2513.3443854752577;OK;
274;62263300040441_1914778.txt;62263300040441;1914778.3584889108;265;265;0;696786.0078701235;9373723.350164697;1954.7378340841515;OK;
275;62263300040181_1909562.txt;62263300040181;1909562.3272038496;249;249;0;701446.0078701235;9375363.350164697;1980.8079159777205;OK;
276;62263300030851_1904556.txt;62263300030851;1904556.086445332;285;285;0;706486.0078701235;9377753.350164697;2003.22240402807;OK;
277;62263300030591_1899328.txt;62263300030591;1899328.8020631692;281;281;0;709756.0078701235;9381673.350164697;1982.3723161908815;OK;
278;62263300030341_1894322.txt;62263300030341;1894322.6167419418;167;167;0;713816.0078701235;9383833.350164697;1321.9682295728594;OK;
279;62263300030091_1889308.txt;62263300030091;1889308.4833784357;271;271;0;718666.0078701235;9382743.350164697;2106.086417980041;OK;
280;62263300020641_1884520.txt;62263300020641;1884520.7735784533;190;190;0;723196.0078701235;9379483.350164697;1379.9275343292488;OK;
281;62263300020381_1879292.txt;62263300020381;1879292.9397225298;271;271;0;727756.0078701235;9381793.350164697;1991.2307751739877;OK;
282;62263300020131_1874293.txt;62263300020131;1874293.11666229;315;315;0;731866.0078701235;9384663.350164697;2266.384786394402;OK;
283;62263300010871_1869462.txt;62263300010871;1869462.0716141253;539;539;0;736106.0078701235;9387133.350164697;3832.088203577783;OK;
284;62263300010661_1865255.txt;62263300010661;1865255.1906889444;328;328;0;739516.0078701235;9389533.350164697;2382.120903732638;OK;
285;62263300010411_1860245.txt;62263300010411;1860245.3427130408;229;229;0;743926.0078701235;9391713.350164697;1660.903368652132;OK;
286;62263300010151_1855055.txt;62263300010151;1855055.67463566;308;308;0;748766.0078701235;9393503.350164697;2256.3022847127554;OK;
287;62263100050441_1849858.txt;62263100050441;1849858.1761341607;126;126;0;751846.0078701235;9397763.350164697;1116.4676439557038;OK;
288;62263100050191_1844811.txt;62263100050191;1844811.3190898872;222;222;0;750946.0078701235;9402633.350164697;2037.9646709401025;OK;
289;62263100050061_1842209.txt;62263100050061;1842209.2518547585;407;407;0;751776.0078701235;9404623.350164697;3416.7235767618076;OK;
290;62263100040441_1837389.txt;62263100040441;1837389.4409543835;512;512;0;753396.0078701235;9408983.350164697;3931.170309208188;OK;
291;62263100040281_1834222.txt;62263100040281;1834222.6905524775;446;446;0;754626.0078701235;9411183.350164697;3226.65461430256;OK;
292;62263100040081_1830234.txt;62263100040081;1830234.9317669182;165;165;0;757256.0078701235;9412803.350164697;1452.4806367039803;OK;
293;62263100030451_1825290.txt;62263100030451;1825290.3198196194;372;372;0;762576.0078701235;9411833.350164697;3004.0805581741647;OK;
294;62263100030201_1820316.txt;62263100030201;1820316.2979882217;213;213;0;766816.0078701235;9415183.350164697;1526.4337522473747;OK;
295;62263100020761_1815364.txt;62263100020761;1815364.2158658148;225;225;0;771126.0078701235;9417643.350164697;1624.0997506310996;OK;
296;62263100020511_1810327.txt;62263100020511;1810327.279555395;193;193;0;774596.0078701235;9421383.350164697;1353.6986370680884;OK;
297;62263100020271_1805513.txt;62263100020271;1805513.5552036692;200;200;0;777896.0078701235;9423963.350164697;1722.9045243425417;OK;
298;62263100020021_1800516.txt;62263100020021;1800516.9004635483;181;181;0;782746.0078701235;9425813.350164697;1397.8555004005243;OK;
299;62263100010381_1797101.txt;62263100010381;1797101.911133867;485;485;0;785836.0078701235;9428013.350164697;3415.3916320094245;OK;
300;62263100010151_1792482.txt;62263100010151;1792482.7633206765;198;198;0;787436.0078701235;9432453.350164697;1500.8331019803634;OK;
301;62263100010101_1791477.txt;62263100010101;1791477.3520558144;248;248;0;788026.0078701235;9433013.350164697;1769.6327302578916;OK;
302;62263100010011_1789682.txt;62263100010011;1789682.4853976292;455;455;0;790046.0078701235;9433203.350164697;3217.5922675193015;OK;
303;62261900070531_1786536.txt;62261900070531;1786536.177112472;350;350;0;792706.0078701235;9435053.350164697;2602.9214356180632;OK;
304;62261900070431_1784739.txt;62261900070431;1784739.4104675404;264;264;0;794406.0078701235;9436193.350164697;1882.1530224718713;OK;
305;62261900070131_1778469.txt;62261900070131;1778469.0052027688;292;292;0;799546.0078701235;9439523.350164697;2072.510554858527;OK;
306;62261900060701_1772052.txt;62261900060701;1772052.793035101;243;243;0;803056.0078701235;9444633.350164697;1734.4163283364235;OK;
307;62261900060401_1766042.txt;62261900060401;1766042.516844208;255;255;0;805956.0078701235;9450053.350164697;2004.8940121612413;OK;
308;62261900060161_1761216.txt;62261900060161;1761216.965195892;329;329;0;807916.0078701235;9454633.350164697;2516.227334721567;OK;
309;62261900050461_1756416.txt;62261900050461;1756416.0417609168;185;185;0;810946.0078701235;9457003.350164697;1511.0923201446033;OK;
310;62261900050201_1751278.txt;62261900050201;1751278.4306942353;241;241;0;815786.0078701235;9458603.350164697;2340.769104375739;OK;
311;62261900040681_1746312.txt;62261900040681;1746312.076633966;366;366;0;821096.0078701235;9456943.350164697;2751.817581163403;OK;
312;62261900040431_1741300.txt;62261900040431;1741300.0894521244;198;198;0;825376.0078701235;9455713.350164697;1525.0573759698354;OK;
313;62261900040181_1736248.txt;62261900040181;1736248.293593986;230;230;0;829926.0078701235;9457803.350164697;1708.3617883809038;OK;
314;62261900030921_1731209.txt;62261900030921;1731209.7028812098;355;355;0;834656.0078701235;9459623.350164697;2625.4523419784255;OK;
315;62261900030671_1726242.txt;62261900030671;1726242.6440651824;586;586;0;839506.0078701235;9461183.350164697;4285.440467443224;OK;
316;62261900030471_1722267.txt;62261900030471;1722267.686413904;299;299;0;842676.0078701235;9465213.350164697;2050.609665440988;OK;
317;62261900030361_1720070.txt;62261900030361;1720070.003746883;130;130;0;843006.0078701235;9467273.350164697;1185.1160280748886;OK;
318;62261900030121_1715293.txt;62261900030121;1715293.400113557;214;214;0;841846.0078701235;9472133.350164697;1718.4004189943623;OK;
319;62261900020901_1711268.txt;62261900020901;1711268.859346167;395;395;0;841676.0078701235;9475363.350164697;3270.0152904841284;OK;
320;62261900020821_1709686.txt;62261900020821;1709686.6679604033;467;467;0;842206.0078701235;9476863.350164697;3997.224036753507;OK;
321;62261900020771_1708676.txt;62261900020771;1708676.712937653;488;488;0;842486.0078701235;9477743.350164697;4070.737034002565;OK;
322;62261900020721_1707663.txt;62261900020721;1707663.1771887888;500;500;0;842876.0078701235;9478733.350164697;4089.0218879335926;OK;
323;62261900020531_1703836.txt;62261900020531;1703836.5454395574;272;272;0;842366.0078701235;9483163.350164697;2150.3720608304043;OK;
324;62261900020421_1701630.txt;62261900020421;1701630.7144387192;186;186;0;842016.0078701235;9485033.350164697;1715.72142260916;OK;
325;62261900020181_1696820.txt;62261900020181;1696820.7833509697;337;337;0;843506.0078701235;9489753.350164697;3073.7111119947494;OK;
326;62261900020051_1694205.txt;62261900020051;1694205.1481667575;616;616;0;844276.0078701235;9490973.350164697;4506.18463891572;OK;
327;62261900010981_1693019.txt;62261900010981;1693019.6603688984;669;669;0;845086.0078701235;9491693.350164697;4776.703884479339;OK;
328;62261900010791_1689225.txt;62261900010791;1689225.7937078555;635;635;0;847186.0078701235;9495103.350164697;4560.043859438196;OK;
329;62261900010611_1685654.txt;62261900010611;1685654.3231400722;531;531;0;849056.0078701235;9498683.350164697;4110.960958218893;OK;
330;62261900010451_1682439.txt;62261900010451;1682439.3189730886;799;799;0;850436.0078701235;9501553.350164697;6350.385815050925;OK;
331;62261900010401_1681463.txt;62261900010401;1681463.068140506;599;599;0;850736.0078701235;9502413.350164697;4354.365625438452;OK;
332;62261900010341_1680255.txt;62261900010341;1680255.4091257039;397;397;0;851226.0078701235;9503373.350164697;2834.25475213503;OK;
333;62261900010281_1679087.txt;62261900010281;1679087.212119645;334;334;0;851496.0078701235;9504133.350164697;2362.3928547132036;OK;
334;62261700150671_1673092.txt;62261700150671;1673092.7476977322;289;289;0;855176.0078701235;9508823.350164697;2039.7303743387263;OK;
335;62261700150421_1668093.txt;62261700150421;1668093.031848702;317;317;0;858496.0078701235;9512533.350164697;2244.504399639261;OK;
336;62261700150181_1663307.txt;62261700150181;1663307.0103982536;380;380;0;861726.0078701235;9516193.350164697;2700.0;OK;
337;62261700140461_1658689.txt;62261700140461;1658689.688517064;617;617;0;864456.0078701235;9517613.350164697;4588.431104419025;OK;
338;62261700140351_1656524.txt;62261700140351;1656524.1035262875;500;500;0;866436.0078701235;9517603.350164697;4487.538300672207;OK;
339;62261700140181_1653103.txt;62261700140181;1653103.1838549618;235;235;0;869726.0078701235;9519623.350164697;1654.6903033498443;OK;
340;62261700130891_1648931.txt;62261700130891;1648931.626013362;275;275;0;872326.0078701235;9517243.350164697;2150.5813167606566;OK;
341;62261700130701_1645137.txt;62261700130701;1645137.7799483677;494;494;0;875796.0078701235;9515243.350164697;1998.1241202688086;OK;
342;62261700130531_1641729.txt;62261700130531;1641729.487858092;498;498;0;879306.0078701235;9515203.350164697;3726.8351184349435;OK;
343;62261700130401_1639115.txt;62261700130401;1639115.696948917;450;450;0;882196.0078701235;9517253.350164697;3174.0195336512975;OK;
344;62261700130191_1634925.txt;62261700130191;1634925.9158262925;344;344;0;883146.0078701235;9521433.350164697;3151.2854520020874;OK;
345;62261700120531_1631151.txt;62261700120531;1631151.2344676263;569;569;0;885226.0078701235;9523133.350164697;4054.7503005733906;OK;
346;62261700120401_1628541.txt;62261700120401;1628541.807046072;642;642;0;886456.0078701235;9523783.350164697;4787.744771810628;OK;
347;62261700120191_1624390.txt;62261700120191;1624390.9320196302;478;478;0;890856.0078701235;9528913.350164697;3935.8480661732865;OK;
348;62261700120031_1621189.txt;62261700120031;1621189.2613780757;224;224;0;893346.0078701235;9525573.350164697;1694.4615663980107;OK;
349;62261700110311_1616277.txt;62261700110311;1616277.5626528575;240;240;0;897616.0078701235;9528513.350164697;1706.5169205138284;OK;
350;62261700110061_1611288.txt;62261700110061;1611288.1911526567;366;366;0;901986.0078701235;9531833.350164697;2674.1914665932204;OK;
351;62261700100791_1606337.txt;62261700100791;1606337.8190859037;321;321;0;903836.0078701235;9536753.350164697;2495.6161563830283;OK;
352;62261700100541_1601363.txt;62261700100541;1601363.7775408772;289;289;0;905086.0078701235;9541873.350164697;2687.452325158532;OK;
353;62261700100281_1596167.txt;62261700100281;1596167.5115392292;423;423;0;905786.0078701235;9546693.350164697;3684.8066435024784;OK;
354;62261700100061_1591785.txt;62261700100061;1591785.0838102235;619;619;0;907596.0078701235;9550223.350164697;4571.783021972937;OK;
355;62261700090341_1588997.txt;62261700090341;1588997.7273485686;362;362;0;908646.0078701235;9552923.350164697;2610.0766272276373;OK;
356;62261700090281_1587832.txt;62261700090281;1587832.0258061832;241;241;0;908806.0078701235;9554063.350164697;1860.9674903124987;OK;
357;62261700090031_1582862.txt;62261700090031;1582862.5185328624;232;232;0;910536.0078701235;9558553.350164697;1717.3526137634053;OK;
358;62261700080201_1577930.txt;62261700080201;1577930.802729267;187;187;0;914076.0078701235;9561163.350164697;1420.7744367069672;OK;
359;62261700070371_1573000.txt;62261700070371;1573000.897617892;254;254;0;918806.0078701235;9562723.350164697;1921.067411623028;OK;
360;62261700070111_1567838.txt;62261700070111;1567838.584932431;324;324;0;923516.0078701235;9564733.350164697;2439.8770460824453;OK;
361;62261700060691_1564669.txt;62261700060691;1564669.6252414724;542;542;0;926116.0078701235;9565483.350164697;3978.4670414620755;OK;
362;62261700060451_1559846.txt;62261700060451;1559846.6723826034;446;446;0;931196.0078701235;9566933.350164697;3455.0832117331124;OK;
363;62261700060211_1554996_fid363.txt;62261700060211;1554996.806358969;305;305;0;935046.0078701235;9570133.350164697;2144.78437144623;OK;
364;62261700060211_1554996_fid364.txt;62261700060211;1554996.806358969;387;387;0;935166.0078701235;9569773.350164697;2773.5897317375548;OK;
365;62261700050911_1550370.txt;62261700050911;1550370.0926400966;443;443;0;938866.0078701235;9573833.350164697;3219.0837205639746;OK;
366;62261700050671_1545593.txt;62261700050671;1545593.9174101737;190;190;0;939876.0078701235;9579093.350164697;1710.5846953600399;OK;
367;62261700050421_1540541.txt;62261700050421;1540541.4646843793;170;170;0;938416.0078701235;9584003.350164697;1252.3977004130916;OK;
368;62261700050171_1535548.txt;62261700050171;1535548.2279652818;303;303;0;936156.0078701235;9588403.350164697;2249.488830823572;OK;
369;62261700050041_1532952.txt;62261700050041;1532952.0553403532;383;383;0;935826.0078701235;9590473.350164697;3520.227265390688;OK;
370;62261700040651_1530531.txt;62261700040651;1530531.5264623505;212;212;0;935936.0078701235;9592093.350164697;1492.0120642943878;OK;
371;62261700040351_1524525.txt;62261700040351;1524525.5743608894;321;321;0;940576.0078701235;9595333.350164697;2292.4222996647018;OK;
372;62261700040091_1519345.txt;62261700040091;1519345.142052955;378;378;0;944856.0078701235;9597693.350164697;2823.065709472594;OK;
373;62261700030281_1514345.txt;62261700030281;1514345.7113309065;488;488;0;949606.0078701235;9599173.350164697;3665.4740484690383;OK;
374;62261700030121_1511162.txt;62261700030121;1511162.4248930088;823;823;0;952606.0078701235;9600063.350164697;5850.854638426766;OK;
375;62261700030011_1508985.txt;62261700030011;1508985.7155864057;1010;1010;0;956246.0078701235;9601783.350164697;7240.386730002756;OK;
376;62261700020031_1507814.txt;62261700020031;1507814.437743418;602;602;0;955856.0078701235;9605833.350164697;3995.409866334116;OK;
377;62261700010771_1507013.txt;62261700010771;1507013.2632609997;366;366;0;955236.0078701235;9606313.350164697;2491.7664417035558;OK;
